{"Labels": {"_type": "images/separated", "width": 2000, "height": 2000, "format": "jpg", "count": 2, "filenames": ["media/images/Labels_0_17d3e9cbf6f760f5fb9b.jpg", "media/images/Labels_0_cf7065f367c23193b78d.jpg"], "captions": ["labels_correlogram.jpg", "labels_xyls.jpg"]}, "Mosaics": {"_type": "images/separated", "width": 1728, "height": 1728, "format": "jpg", "count": 8, "filenames": ["media/images/Mosaics_0_1e869ef40d2f51a41293.jpg", "media/images/Mosaics_0_dda368c3381aee3ca18d.jpg", "media/images/Mosaics_0_4e404a423d06454392da.jpg", "media/images/Mosaics_0_d3f71edbe3e1405b8dc8.jpg", "media/images/Mosaics_0_e2c2cc1872e466037329.jpg", "media/images/Mosaics_0_e338076a6bd252456676.jpg", "media/images/Mosaics_0_975350edd3ca59649a76.jpg", "media/images/Mosaics_0_30e34f917cf3358da4dd.jpg"], "captions": ["train_batch0.jpg", "train_batch1.jpg", "train_batch2.jpg", "train_batch3.jpg", "train_batch4.jpg", "train_batch5.jpg", "train_batch6.jpg", "train_batch7.jpg"]}, "train/box_loss": 0.058864809572696686, "train/obj_loss": 0.05280477553606033, "train/cls_loss": 0.04325687885284424, "train/theta_loss": 0.23966161906719208, "metrics/precision": 0.7301261292789235, "metrics/recall": 0.11497747747747748, "metrics/HBBmAP.5": 0.050593965481672054, "metrics/HBBmAP.5:.95": 0.013389983850078504, "val/box_loss": 0.05250362306833267, "val/obj_loss": 0.04397459700703621, "val/cls_loss": 0.040537722408771515, "val/theta_loss": 0.23292453587055206, "x/lr0": 0.0008719999999999999, "x/lr1": 0.0008719999999999999, "x/lr2": 0.079072, "BoundingBoxDebugger": {"_type": "images/separated", "width": 896, "height": 896, "format": "png", "count": 16, "filenames": ["media/images/BoundingBoxDebugger_2_e69f1c9a0cd8c9a8e269.png", "media/images/BoundingBoxDebugger_2_4ba5d5478e632c29ac09.png", "media/images/BoundingBoxDebugger_2_2daa8f48139d3d3256ab.png", "media/images/BoundingBoxDebugger_2_41b9f7a4be5fb693dfd7.png", "media/images/BoundingBoxDebugger_2_86a42db0fe975a4c5e29.png", "media/images/BoundingBoxDebugger_2_32614d1bcd3745c3ce0a.png", "media/images/BoundingBoxDebugger_2_58d62353793b5fdc3fa6.png", "media/images/BoundingBoxDebugger_2_5d97575984dee38b18b2.png", "media/images/BoundingBoxDebugger_2_7ed1c4c08cb3b9ea09e9.png", "media/images/BoundingBoxDebugger_2_d0352c7b442e29525409.png", "media/images/BoundingBoxDebugger_2_8f490010598f65968697.png", "media/images/BoundingBoxDebugger_2_6b673f2aa82be8a3b59a.png", "media/images/BoundingBoxDebugger_2_99091f124ef2dc66a567.png", "media/images/BoundingBoxDebugger_2_f4d7a325a6a912a4aee2.png", "media/images/BoundingBoxDebugger_2_a45f5be6727df5f47fca.png", "media/images/BoundingBoxDebugger_2_8b402974cab2e723b823.png"], "captions": ["20220531_113728_jpg.rf.da84c23aeaf44d81a46a18d2527c70b8.jpg", "frame31_jpg.rf.004d57d132efb74d9e7dcce910182884.jpg", "frame33_jpg.rf.4acd705a197ff20ebb723b1b4df439a5.jpg", "frame34_jpg.rf.b8104a688018eb4bc0d4d40c60e2aa52.jpg", "frame37_jpg.rf.d5ca711005806e8bff048a0ecde63f60.jpg", "frame3_jpg.rf.20169b5a89b6b21e9f9b69fd445971d8.jpg", "frame3_jpg.rf.8ec7d52471143658b3ab802da24c9943.jpg", "frame3_jpg.rf.a0ed8e320f3c45d6ade0d0403f7df9e1.jpg", "frame41_jpg.rf.055542a1947c73f17a95edddb43bb7be.jpg", "frame41_jpg.rf.5abca73fc50e3a2e2a79227ceb61be4c.jpg", "frame42_jpg.rf.2ac6affe421e9d0aebe05e89d70ddeba.jpg", "frame43_jpg.rf.5d8093ac1daaa8bb382440cc273be203.jpg", "frame43_jpg.rf.6929c38b170ecd09e17bfb3962f1e72e.jpg", "frame30_jpg.rf.e9137c4e6625344fe4bfcdc89d1403ab.jpg", "frame46_jpg.rf.730b4a45f0c1688dc04881c32604eb04.jpg", "frame4_jpg.rf.b9ba8e5f3980f93b9843eb243ad9ca16.jpg"], "all_boxes": [{"predictions": {"_type": "boxes2D", "sha256": "ddd0e83b27ce5a8397e8c05f7db1937fbf33e785d3673805c47d9c7ef3e4a364", "size": 45169, "path": "media/metadata/boxes2D/BoundingBoxDebugger_2_ddd0e83b27ce5a8397e8.boxes2D.json"}}, {"predictions": {"_type": "boxes2D", "sha256": "13e8b9a3fac633cfcd41a2ea5f2c3b589992460ec85364143023685c2a31ad0d", "size": 22349, "path": "media/metadata/boxes2D/BoundingBoxDebugger_2_13e8b9a3fac633cfcd41.boxes2D.json"}}, {"predictions": {"_type": "boxes2D", "sha256": "301e72f64216a66590304ce55c5b4481b89ac442a837c75da44ced4d4517d987", "size": 38499, "path": "media/metadata/boxes2D/BoundingBoxDebugger_2_301e72f64216a6659030.boxes2D.json"}}, {"predictions": {"_type": "boxes2D", "sha256": "00dbaaad48c4321767d8dfdbef2816633f28f30dfa61ff7148f9696e5b6942ec", "size": 21999, "path": "media/metadata/boxes2D/BoundingBoxDebugger_2_00dbaaad48c4321767d8.boxes2D.json"}}, {"predictions": {"_type": "boxes2D", "sha256": "70c1e4ca87ca7f671714399e6a49a9b495927d6eb151915b4b4b428780e94425", "size": 37159, "path": "media/metadata/boxes2D/BoundingBoxDebugger_2_70c1e4ca87ca7f671714.boxes2D.json"}}, {"predictions": {"_type": "boxes2D", "sha256": "bfb0ae3804649446dad6e2af807147e3b5b2a53c01eabd9d8fa67dd20d11be07", "size": 16004, "path": "media/metadata/boxes2D/BoundingBoxDebugger_2_bfb0ae3804649446dad6.boxes2D.json"}}, {"predictions": {"_type": "boxes2D", "sha256": "6c039da442a9fd020b819e7a89015eeefef06b4210cbd646a67803a86388c346", "size": 17462, "path": "media/metadata/boxes2D/BoundingBoxDebugger_2_6c039da442a9fd020b81.boxes2D.json"}}, {"predictions": {"_type": "boxes2D", "sha256": "6e1d45b41a74532566747e3f785d1236fbbbf0a28d899240f3d251abfb285e9e", "size": 9825, "path": "media/metadata/boxes2D/BoundingBoxDebugger_2_6e1d45b41a7453256674.boxes2D.json"}}, {"predictions": {"_type": "boxes2D", "sha256": "bfc0f26d8778a507d496f77293d4cc6cb6404f903c7b29145832e22f906d9610", "size": 31125, "path": "media/metadata/boxes2D/BoundingBoxDebugger_2_bfc0f26d8778a507d496.boxes2D.json"}}, {"predictions": {"_type": "boxes2D", "sha256": "09efa45172c0f561370b0b480d3965187012e88402dd701529635ca6bb3480f2", "size": 24610, "path": "media/metadata/boxes2D/BoundingBoxDebugger_2_09efa45172c0f561370b.boxes2D.json"}}, {"predictions": {"_type": "boxes2D", "sha256": "97215bd0dd9302a96111c3509b833fecf11976f91b603e2517fc097b53665244", "size": 33323, "path": "media/metadata/boxes2D/BoundingBoxDebugger_2_97215bd0dd9302a96111.boxes2D.json"}}, {"predictions": {"_type": "boxes2D", "sha256": "b450cbabce69adf7f48df47cd34133fd9e1b10e504ef3aa122beaa9508df4d0e", "size": 31268, "path": "media/metadata/boxes2D/BoundingBoxDebugger_2_b450cbabce69adf7f48d.boxes2D.json"}}, {"predictions": {"_type": "boxes2D", "sha256": "5391dd51e05742832975abf240855cb8e26e82c7c36dfdf7b88d88fc82efa47c", "size": 23072, "path": "media/metadata/boxes2D/BoundingBoxDebugger_2_5391dd51e05742832975.boxes2D.json"}}, {"predictions": {"_type": "boxes2D", "sha256": "eb96e09a9c9e5d0563d49e588ce18d1fb02bde2adfb15b54d271c0e9461c0d7a", "size": 37537, "path": "media/metadata/boxes2D/BoundingBoxDebugger_2_eb96e09a9c9e5d0563d4.boxes2D.json"}}, {"predictions": {"_type": "boxes2D", "sha256": "7de434f507f66d6e95cdb8abaa4ae20b3d4f127460c45b6c3ec318c2e7424398", "size": 24429, "path": "media/metadata/boxes2D/BoundingBoxDebugger_2_7de434f507f66d6e95cd.boxes2D.json"}}, {"predictions": {"_type": "boxes2D", "sha256": "3415525b5d8a0b60ce9bf21948014d5ebde193419bda848ec9ece19d05133d5a", "size": 10269, "path": "media/metadata/boxes2D/BoundingBoxDebugger_2_3415525b5d8a0b60ce9b.boxes2D.json"}}]}, "_timestamp": 1659316553, "_runtime": 186, "_step": 3, "Validation": {"_type": "images/separated", "width": 1792, "height": 1792, "format": "jpg", "count": 4, "filenames": ["media/images/Validation_3_3b7ed5fa2d593960dfd5.jpg", "media/images/Validation_3_7044d128175c9e634f92.jpg", "media/images/Validation_3_66f8e86978c4ea4b4962.jpg", "media/images/Validation_3_b833a80064c72ca80ecb.jpg"], "captions": ["val_batch0_labels.jpg", "val_batch0_pred.jpg", "val_batch1_labels.jpg", "val_batch1_pred.jpg"]}, "Results": {"_type": "images/separated", "width": 3600, "height": 1200, "format": "png", "count": 6,