{"Labels": {"_type": "images/separated", "width": 2000, "height": 2000, "format": "jpg", "count": 2, "filenames": ["media/images/Labels_0_17d3e9cbf6f760f5fb9b.jpg", "media/images/Labels_0_cf7065f367c23193b78d.jpg"], "captions": ["labels_correlogram.jpg", "labels_xyls.jpg"]}, "Mosaics": {"_type": "images/separated", "width": 1728, "height": 1728, "format": "jpg", "count": 8, "filenames": ["media/images/Mosaics_0_24bdff39d2e7ad5b452d.jpg", "media/images/Mosaics_0_01e3304aeef49cda40a2.jpg", "media/images/Mosaics_0_08ccb1d9cbbb101c8e07.jpg", "media/images/Mosaics_0_e2266a13dc19ae3f4a9e.jpg", "media/images/Mosaics_0_afb10fa06d4ed397cd77.jpg", "media/images/Mosaics_0_51fb7da2c2c402f32c0d.jpg", "media/images/Mosaics_0_bb88286dce52ee71d5db.jpg", "media/images/Mosaics_0_65341e5c512d03924082.jpg"], "captions": ["train_batch0.jpg", "train_batch1.jpg", "train_batch2.jpg", "train_batch3.jpg", "train_batch4.jpg", "train_batch5.jpg", "train_batch6.jpg", "train_batch7.jpg"]}, "train/box_loss": 0.02761099487543106, "train/obj_loss": 0.018664700910449028, "train/cls_loss": 0.0019060365157201886, "train/theta_loss": 0.10300140082836151, "metrics/precision": 0.9070830966662785, "metrics/recall": 0.8877024825337241, "metrics/HBBmAP.5": 0.8849941358970628, "metrics/HBBmAP.5:.95": 0.4208644788553347, "val/box_loss": 0.033092107623815536, "val/obj_loss": 0.020574171096086502, "val/cls_loss": 0.004838769324123859, "val/theta_loss": 0.1328066885471344, "x/lr0": 0.002000877266100618, "x/lr1": 0.002000877266100618, "x/lr2": 0.002000877266100618, "_timestamp": 1659320926, "_runtime": 4059, "_step": 300, "BoundingBoxDebugger": {"_type": "images/separated", "width": 896, "height": 896, "format": "png", "count": 16, "filenames": ["media/images/BoundingBoxDebugger_299_e69f1c9a0cd8c9a8e269.png", "media/images/BoundingBoxDebugger_299_4ba5d5478e632c29ac09.png", "media/images/BoundingBoxDebugger_299_2daa8f48139d3d3256ab.png", "media/images/BoundingBoxDebugger_299_41b9f7a4be5fb693dfd7.png", "media/images/BoundingBoxDebugger_299_86a42db0fe975a4c5e29.png", "media/images/BoundingBoxDebugger_299_32614d1bcd3745c3ce0a.png", "media/images/BoundingBoxDebugger_299_58d62353793b5fdc3fa6.png", "media/images/BoundingBoxDebugger_299_5d97575984dee38b18b2.png", "media/images/BoundingBoxDebugger_299_7ed1c4c08cb3b9ea09e9.png", "media/images/BoundingBoxDebugger_299_d0352c7b442e29525409.png", "media/images/BoundingBoxDebugger_299_8f490010598f65968697.png", "media/images/BoundingBoxDebugger_299_6b673f2aa82be8a3b59a.png", "media/images/BoundingBoxDebugger_299_99091f124ef2dc66a567.png", "media/images/BoundingBoxDebugger_299_f4d7a325a6a912a4aee2.png", "media/images/BoundingBoxDebugger_299_a45f5be6727df5f47fca.png", "media/images/BoundingBoxDebugger_299_8b402974cab2e723b823.png"], "captions": ["20220531_113728_jpg.rf.da84c23aeaf44d81a46a18d2527c70b8.jpg", "frame31_jpg.rf.004d57d132efb74d9e7dcce910182884.jpg", "frame33_jpg.rf.4acd705a197ff20ebb723b1b4df439a5.jpg", "frame34_jpg.rf.b8104a688018eb4bc0d4d40c60e2aa52.jpg", "frame37_jpg.rf.d5ca711005806e8bff048a0ecde63f60.jpg", "frame3_jpg.rf.20169b5a89b6b21e9f9b69fd445971d8.jpg", "frame3_jpg.rf.8ec7d52471143658b3ab802da24c9943.jpg", "frame3_jpg.rf.a0ed8e320f3c45d6ade0d0403f7df9e1.jpg", "frame41_jpg.rf.055542a1947c73f17a95edddb43bb7be.jpg", "frame41_jpg.rf.5abca73fc50e3a2e2a79227ceb61be4c.jpg", "frame42_jpg.rf.2ac6affe421e9d0aebe05e89d70ddeba.jpg", "frame43_jpg.rf.5d8093ac1daaa8bb382440cc273be203.jpg", "frame43_jpg.rf.6929c38b170ecd09e17bfb3962f1e72e.jpg", "frame30_jpg.rf.e9137c4e6625344fe4bfcdc89d1403ab.jpg", "frame46_jpg.rf.730b4a45f0c1688dc04881c32604eb04.jpg", "frame4_jpg.rf.b9ba8e5f3980f93b9843eb243ad9ca16.jpg"], "all_boxes": [{"predictions": {"_type": "boxes2D", "sha256": "8a096324e386a29313cad16615c7ee831cfda409490162cc6df37b1ca894194f", "size": 6456, "path": "media/metadata/boxes2D/BoundingBoxDebugger_299_8a096324e386a29313ca.boxes2D.json"}}, {"predictions": {"_type": "boxes2D", "sha256": "919f4f638efada6fcb9b09a8d76919e631d78d4a64ef363c9394ee89c21fb332", "size": 1732, "path": "media/metadata/boxes2D/BoundingBoxDebugger_299_919f4f638efada6fcb9b.boxes2D.json"}}, {"predictions": {"_type": "boxes2D", "sha256": "5e48ab347438806ca9b98aeb6622fa3faaa83677c3b48c03a90e9541fc976a65", "size": 1960, "path": "media/metadata/boxes2D/BoundingBoxDebugger_299_5e48ab347438806ca9b9.boxes2D.json"}}, {"predictions": {"_type": "boxes2D", "sha256": "c1f712d53c41725fd46a0e8026462d09e226ad34ba92ba969e2f71b3e4e64ce7", "size": 2908, "path": "media/metadata/boxes2D/BoundingBoxDebugger_299_c1f712d53c41725fd46a.boxes2D.json"}}, {"predictions": {"_type": "boxes2D", "sha256": "02112c09caca311a4e51bc0bccfc67e047e966726633b9fffafec45f3f1af8e1", "size": 3885, "path": "media/metadata/boxes2D/BoundingBoxDebugger_299_02112c09caca311a4e51.boxes2D.json"}}, {"predictions": {"_type": "boxes2D", "sha256": "74132ff8b4dc6b1d431748d9337f091b69b173acf7a66363a06887b9de9a63c6", "size": 788, "path": "media/metadata/boxes2D/BoundingBoxDebugger_299_74132ff8b4dc6b1d4317.boxes2D.json"}}, {"predictions": {"_type": "boxes2D", "sha256": "a03b9ef790edf4051e6edb12ee62526fc559b7e59dda37177f7ea2b0c9c05dbc", "size": 1539, "path": "media/metadata/boxes2D/BoundingBoxDebugger_299_a03b9ef790edf4051e6e.boxes2D.json"}}, {"predictions": {"_type": "boxes2D", "sha256": "0adf5f83056dc3e01f8a15cc85a56320bd63eeeda0d74fac2187348acb1b21d7", "size": 1546, "path": "media/metadata/boxes2D/BoundingBoxDebugger_299_0adf5f83056dc3e01f8a.boxes2D.json"}}, {"predictions": {"_type": "boxes2D", "sha256": "a269f5d3cc7a63de072e392a4622930a4c7beea3182b386cad4e06b0637e0b5d", "size": 3317, "path": "media/metadata/boxes2D/BoundingBoxDebugger_299_a269f5d3cc7a63de072e.boxes2D.json"}}, {"predictions": {"_type": "boxes2D", "sha256": "f5863c9ef1f184c1cd284e7f0735eab0bbc766947bde59e1390dcfa9b445c892", "size": 3160, "path": "media/metadata/boxes2D/BoundingBoxDebugger_299_f5863c9ef1f184c1cd28.boxes2D.json"}}, {"predictions": {"_type": "boxes2D", "sha256": "541e01af55ce3ba07d13cebae9a0e5f8e6f74705a5b0c54e5fb100f7afbc4fdc", "size": 3550, "path": "media/metadata/boxes2D/BoundingBoxDebugger_299_541e01af55ce3ba07d13.boxes2D.json"}}, {"predictions": {"_type": "boxes2D", "sha256": "0629bef2672b2922f3de6557e8918e52cbfe06e7901629b4690be3949f14e670", "size": 2713, "path": "media/metadata/boxes2D/BoundingBoxDebugger_299_0629bef2672b2922f3de.boxes2D.json"}}, {"predictions": {"_type": "boxes2D", "sha256": "b1bcdf0a9bcff3722c25565efe1271139aa06ee6f894abc57fbaf644992571f5", "size": 2670, "path": "media/metadata/boxes2D/BoundingBoxDebugger_299_b1bcdf0a9bcff3722c25.boxes2D.json"}}, {"predictions": {"_type": "boxes2D", "sha256": "8dfe32175b964bf92efde7557da24c661b9134e76ff21e06f3a2b367e5f59c3b", "size": 3702, "path": "media/metadata/boxes2D/BoundingBoxDebugger_299_8dfe32175b964bf92efd.boxes2D.json"}}, {"predictions": {"_type": "boxes2D", "sha256": "82c511ffdd7a1f610aa8b5fb23b54395c049d83a6720a83120793ecfcad3f343", "size": 1724, "path": "media/metadata/boxes2D/BoundingBoxDebugger_299_82c511ffdd7a1f610aa8.boxes2D.json"}}, {"predictions": {"_type": "boxes2D", "sha256": "5568a9f40208e4ad47f15a6b32cea85c840453909a9b60b89e924f2fdb52f507", "size": 1308, "path": "media/metadata/boxes2D/BoundingBoxDebugger_299_5568a9f40208e4ad47f1.boxes2D.json"}}]}, "Validation": {"_type": "images/separated", "width": 1792, "height": 1792, "format": "jpg", "count": 6, "filenames": ["media/images/Validation_300_3b7ed5fa2d593960dfd5.jpg", "media/images/Validation_300_57bc172819fd22ae7214.jpg", "media/images/Validation_300_69c8d6ed18c34f895b90.jpg", "media/images/Validation_300_693dc3ae1d8e9ed1643e.jpg", "media/images/Validation_300_66f8e86978c4ea4b4962.jpg", "media/images/Validation_300_eebc8c938fd0e4bad855.jpg"], "captions": ["val_batch0_labels.jpg", "val_batch0_pred.jpg", "val_batch1_labels.jpg", "val_batch1_pred.jpg", "val_batch2_labels.jpg", "val_batch2_pred.jpg"]}, "Results": {"_type": "images/separated", "width": 3600, "height": 1200, "format": "png", "count": 6,