{"Labels": {"_type": "images/separated", "width": 2000, "height": 2000, "format": "jpg", "count": 2, "filenames": ["media/images/Labels_0_17d3e9cbf6f760f5fb9b.jpg", "media/images/Labels_0_e6d16917fd4b02fd29f2.jpg"], "captions": ["labels_correlogram.jpg", "labels_xyls.jpg"]}, "Mosaics": {"_type": "images/separated", "width": 1280, "height": 1280, "format": "jpg", "count": 8, "filenames": ["media/images/Mosaics_0_ff965e47197297828c5b.jpg", "media/images/Mosaics_0_c97a726362c303695378.jpg", "media/images/Mosaics_0_b8b50119e04448c42f7d.jpg", "media/images/Mosaics_0_cb9f2f24de1b5c195157.jpg", "media/images/Mosaics_0_5f410794f2cac5f1c95c.jpg", "media/images/Mosaics_0_919d186dad548cc0a699.jpg", "media/images/Mosaics_0_441fe7ac31c5815b7125.jpg", "media/images/Mosaics_0_d431b20f59e875506ee3.jpg"], "captions": ["train_batch0.jpg", "train_batch1.jpg", "train_batch2.jpg", "train_batch3.jpg", "train_batch4.jpg", "train_batch5.jpg", "train_batch6.jpg", "train_batch7.jpg"]}, "train/box_loss": 0.06468479335308075, "train/obj_loss": 0.05096800625324249, "train/cls_loss": 0.04345414415001869, "train/theta_loss": 0.2411358654499054, "metrics/precision": 0.2059313973632457, "metrics/recall": 0.1959280303030303, "metrics/HBBmAP.5": 0.03952077805654227, "metrics/HBBmAP.5:.95": 0.010307305737081524, "val/box_loss": 0.05964505299925804, "val/obj_loss": 0.04180494695901871, "val/cls_loss": 0.04113392159342766, "val/theta_loss": 0.23467370867729187, "x/lr0": 0.0008719999999999999, "x/lr1": 0.0008719999999999999, "x/lr2": 0.079072, "BoundingBoxDebugger": {"_type": "images/separated", "width": 672, "height": 672, "format": "png", "count": 16, "filenames": ["media/images/BoundingBoxDebugger_2_52bc76418c9a3a5c51e7.png", "media/images/BoundingBoxDebugger_2_2578e4e2c540797ee2eb.png", "media/images/BoundingBoxDebugger_2_2351eefc9853b401019e.png", "media/images/BoundingBoxDebugger_2_49675bde9ae5d3673e4e.png", "media/images/BoundingBoxDebugger_2_aa871162601d20fe4a87.png", "media/images/BoundingBoxDebugger_2_fad4eda58a31c76d6036.png", "media/images/BoundingBoxDebugger_2_082b92ecd8260351c6a1.png", "media/images/BoundingBoxDebugger_2_0dc28627d4e1643c2060.png", "media/images/BoundingBoxDebugger_2_6768a68e8c2d6b2a104a.png", "media/images/BoundingBoxDebugger_2_0df21a7a62019313e236.png", "media/images/BoundingBoxDebugger_2_4787a72e59db366d8ef1.png", "media/images/BoundingBoxDebugger_2_313f268baf5ca5469e01.png", "media/images/BoundingBoxDebugger_2_59692549afa51f284ffb.png", "media/images/BoundingBoxDebugger_2_f4dfcff2e8b7d7c2343f.png", "media/images/BoundingBoxDebugger_2_02bbb99c1d4366f0aa6e.png", "media/images/BoundingBoxDebugger_2_3442df1e7828c2d76540.png"], "captions": ["20220531_113728_jpg.rf.da84c23aeaf44d81a46a18d2527c70b8.jpg", "frame31_jpg.rf.004d57d132efb74d9e7dcce910182884.jpg", "frame33_jpg.rf.4acd705a197ff20ebb723b1b4df439a5.jpg", "frame34_jpg.rf.b8104a688018eb4bc0d4d40c60e2aa52.jpg", "frame37_jpg.rf.d5ca711005806e8bff048a0ecde63f60.jpg", "frame3_jpg.rf.20169b5a89b6b21e9f9b69fd445971d8.jpg", "frame3_jpg.rf.8ec7d52471143658b3ab802da24c9943.jpg", "frame3_jpg.rf.a0ed8e320f3c45d6ade0d0403f7df9e1.jpg", "frame41_jpg.rf.055542a1947c73f17a95edddb43bb7be.jpg", "frame41_jpg.rf.5abca73fc50e3a2e2a79227ceb61be4c.jpg", "frame42_jpg.rf.2ac6affe421e9d0aebe05e89d70ddeba.jpg", "frame43_jpg.rf.5d8093ac1daaa8bb382440cc273be203.jpg", "frame43_jpg.rf.6929c38b170ecd09e17bfb3962f1e72e.jpg", "frame30_jpg.rf.e9137c4e6625344fe4bfcdc89d1403ab.jpg", "frame46_jpg.rf.730b4a45f0c1688dc04881c32604eb04.jpg", "frame4_jpg.rf.b9ba8e5f3980f93b9843eb243ad9ca16.jpg"], "all_boxes": [{"predictions": {"_type": "boxes2D", "sha256": "1e704e278f26ce835d2e6ce54f3d340d0cb1313758dfcff705130dfcf3d3c069", "size": 39749, "path": "media/metadata/boxes2D/BoundingBoxDebugger_2_1e704e278f26ce835d2e.boxes2D.json"}}, {"predictions": {"_type": "boxes2D", "sha256": "344090d8173558bb0a523fe40084e289eb6b48b2686133e6f171697a32331d2e", "size": 22774, "path": "media/metadata/boxes2D/BoundingBoxDebugger_2_344090d8173558bb0a52.boxes2D.json"}}, {"predictions": {"_type": "boxes2D", "sha256": "13acecdbbb2752f8bdf753c792b2b0beb912bd2273128442e421024bccfc76c0", "size": 29299, "path": "media/metadata/boxes2D/BoundingBoxDebugger_2_13acecdbbb2752f8bdf7.boxes2D.json"}}, {"predictions": {"_type": "boxes2D", "sha256": "22620ca79cc7d9739bfd5e88861c41cb244df37c19afb85e787363a9a728eb65", "size": 22910, "path": "media/metadata/boxes2D/BoundingBoxDebugger_2_22620ca79cc7d9739bfd.boxes2D.json"}}, {"predictions": {"_type": "boxes2D", "sha256": "8ff2c9b48f4f88184c639b22c1e0e5bd64fe8fa6f8fd2bc85b934f979d48ce18", "size": 30642, "path": "media/metadata/boxes2D/BoundingBoxDebugger_2_8ff2c9b48f4f88184c63.boxes2D.json"}}, {"predictions": {"_type": "boxes2D", "sha256": "c4561abad09a11d5c45e8210a66c8aeff96eb12f8cff8e6699b9a9ba1e1773b0", "size": 22666, "path": "media/metadata/boxes2D/BoundingBoxDebugger_2_c4561abad09a11d5c45e.boxes2D.json"}}, {"predictions": {"_type": "boxes2D", "sha256": "b47fb4425752d433c0a047fcc2a9d7885c461d7cd5abb09c36066e0bd9bbf590", "size": 14752, "path": "media/metadata/boxes2D/BoundingBoxDebugger_2_b47fb4425752d433c0a0.boxes2D.json"}}, {"predictions": {"_type": "boxes2D", "sha256": "80863a8e4be868b12d8a796411f7d610be91d3fd3d65b1ca3dcf7a0eb79b1348", "size": 10576, "path": "media/metadata/boxes2D/BoundingBoxDebugger_2_80863a8e4be868b12d8a.boxes2D.json"}}, {"predictions": {"_type": "boxes2D", "sha256": "da687103b1cada3d0d752f0513375368b6e0bcee4285e4dcadbda9b0835a1cf7", "size": 28586, "path": "media/metadata/boxes2D/BoundingBoxDebugger_2_da687103b1cada3d0d75.boxes2D.json"}}, {"predictions": {"_type": "boxes2D", "sha256": "734d875dd17bbeba34ad58c3bc93aed31075166691f2a4de99e28b34a145ca80", "size": 23729, "path": "media/metadata/boxes2D/BoundingBoxDebugger_2_734d875dd17bbeba34ad.boxes2D.json"}}, {"predictions": {"_type": "boxes2D", "sha256": "92b193b11a15e61018c351792cc94952429a4c4f2a0cb0661c1631781ef89e41", "size": 28306, "path": "media/metadata/boxes2D/BoundingBoxDebugger_2_92b193b11a15e61018c3.boxes2D.json"}}, {"predictions": {"_type": "boxes2D", "sha256": "545bb25700cab529e85638fa9ff15efbb5f57d413a5ac5297c7516bfef3b0c3f", "size": 28942, "path": "media/metadata/boxes2D/BoundingBoxDebugger_2_545bb25700cab529e856.boxes2D.json"}}, {"predictions": {"_type": "boxes2D", "sha256": "4078509c4dc92e446998b5a49905446493a95df42f9fc902a4b30d6f081f653d", "size": 17643, "path": "media/metadata/boxes2D/BoundingBoxDebugger_2_4078509c4dc92e446998.boxes2D.json"}}, {"predictions": {"_type": "boxes2D", "sha256": "63687807c4de6ee5c07413ba17abb04cfcd787fe067eb6bb5e5b28e888dbc174", "size": 34741, "path": "media/metadata/boxes2D/BoundingBoxDebugger_2_63687807c4de6ee5c074.boxes2D.json"}}, {"predictions": {"_type": "boxes2D", "sha256": "53ccca94cddd0487d9971900e2195f502b48800eed57b42cc9f53dcc93bf86b6", "size": 20689, "path": "media/metadata/boxes2D/BoundingBoxDebugger_2_53ccca94cddd0487d997.boxes2D.json"}}, {"predictions": {"_type": "boxes2D", "sha256": "0ed6f2d8feda304ce180497c994746208c364ce30e238c6ff338c7c37895c2d1", "size": 13716, "path": "media/metadata/boxes2D/BoundingBoxDebugger_2_0ed6f2d8feda304ce180.boxes2D.json"}}]}, "_timestamp": 1659073660, "_runtime": 113, "_step": 3, "Validation": {"_type": "images/separated", "width": 1344, "height": 1344, "format": "jpg", "count": 4, "filenames": ["media/images/Validation_3_c27fe4a7b7b1eaa3f363.jpg", "media/images/Validation_3_39e8acf9c6ada56d1c9d.jpg", "media/images/Validation_3_4510b8757febefa5b536.jpg", "media/images/Validation_3_2bf252e57d9d4c690d1e.jpg"], "captions": ["val_batch0_labels.jpg", "val_batch0_pred.jpg", "val_batch1_labels.jpg", "val_batch1_pred.jpg"]}, "Results": {"_type": "images/separated", "width": 3600, "height": 1200, "format": "png", "count": 6,